,Symbol,Earnings Date
0,CSCO,2025-11-11
1,CSCO,2025-08-12
2,CSCO,2025-05-13
3,CSCO,2025-02-12
4,CSCO,2024-11-13
5,CSCO,2024-08-14
6,CSCO,2024-05-15
7,CSCO,2024-02-14
8,CSCO,2023-11-15
9,CSCO,2023-08-16
10,CSCO,2023-05-17
11,CSCO,2023-02-15
12,CSCO,2022-11-16
13,CSCO,2022-08-17
14,CSCO,2022-05-18
15,CSCO,2022-02-16
16,CSCO,2021-11-17
17,CSCO,2021-08-18
18,CSCO,2021-05-19
19,CSCO,2021-02-08
20,CSCO,2020-11-12
21,CSCO,2020-08-12
22,CSCO,2020-05-13
23,CSCO,2020-02-12
24,CSCO,2019-11-13
25,CSCO,2019-08-14
26,CSCO,2019-05-15
27,CSCO,2019-02-13
28,CSCO,2018-11-14
29,CSCO,2018-08-15
30,CSCO,2018-05-16
31,CSCO,2018-02-14
32,CSCO,2017-11-15
33,CSCO,2017-08-16
34,CSCO,2017-05-17
35,CSCO,2017-02-15
36,CSCO,2016-11-16
37,CSCO,2016-08-17
38,CSCO,2016-05-18
39,CSCO,2016-02-10
40,IBM,2025-10-21
41,IBM,2025-07-22
42,IBM,2025-04-22
43,IBM,2025-01-29
44,IBM,2024-10-23
45,IBM,2024-07-24
46,IBM,2024-04-24
47,IBM,2024-01-24
48,IBM,2023-10-25
49,IBM,2023-07-19
50,IBM,2023-04-19
51,IBM,2023-01-25
52,IBM,2022-10-19
53,IBM,2022-07-18
54,IBM,2022-04-19
55,IBM,2022-01-24
56,IBM,2021-10-20
57,IBM,2021-07-19
58,IBM,2021-04-19
59,IBM,2021-01-21
60,IBM,2020-10-19
61,IBM,2020-07-20
62,IBM,2020-04-20
63,IBM,2020-01-21
64,IBM,2019-10-16
65,IBM,2019-07-17
66,IBM,2019-04-16
67,IBM,2019-01-22
68,IBM,2018-10-16
69,IBM,2018-07-18
70,IBM,2018-04-17
71,IBM,2018-01-18
72,IBM,2017-10-17
73,IBM,2017-07-18
74,IBM,2017-04-18
75,IBM,2017-01-19
76,IBM,2016-10-17
77,IBM,2016-07-18
78,IBM,2016-04-18
79,IBM,2016-01-19
80,BK,2025-10-09
81,BK,2025-07-10
82,BK,2025-04-14
83,BK,2025-01-15
84,BK,2024-10-11
85,BK,2024-07-12
86,BK,2024-04-16
87,BK,2024-01-12
88,BK,2023-10-17
89,BK,2023-07-18
90,BK,2023-04-18
91,BK,2023-01-13
92,BK,2022-10-17
93,BK,2022-07-15
94,BK,2022-04-18
95,BK,2022-01-18
96,BK,2021-10-19
97,BK,2021-07-15
98,BK,2021-04-16
99,BK,2021-01-20
100,BK,2020-10-16
101,BK,2020-07-15
102,BK,2020-04-16
103,BK,2020-01-16
104,BK,2019-10-16
105,BK,2019-07-17
106,BK,2019-04-17
107,BK,2019-01-16
108,BK,2018-10-18
109,BK,2018-07-19
110,BK,2018-04-19
111,BK,2018-01-18
112,BK,2017-10-19
113,BK,2017-07-20
114,BK,2017-04-20
115,BK,2017-01-19
116,BK,2016-10-20
117,BK,2016-07-21
118,BK,2016-04-21
119,BK,2016-01-21
120,NFLX,2025-10-15
121,NFLX,2025-07-16
122,NFLX,2025-04-16
123,NFLX,2025-01-21
124,NFLX,2024-10-17
125,NFLX,2024-07-18
126,NFLX,2024-04-18
127,NFLX,2024-01-23
128,NFLX,2023-10-18
129,NFLX,2023-07-19
130,NFLX,2023-04-18
131,NFLX,2023-01-19
132,NFLX,2022-10-18
133,NFLX,2022-07-19
134,NFLX,2022-04-19
135,NFLX,2022-01-20
136,NFLX,2021-10-19
137,NFLX,2021-07-20
138,NFLX,2021-04-20
139,NFLX,2021-01-19
140,NFLX,2020-10-20
141,NFLX,2020-07-16
142,NFLX,2020-04-21
143,NFLX,2020-01-21
144,NFLX,2019-10-16
145,NFLX,2019-07-17
146,NFLX,2019-04-16
147,NFLX,2019-01-17
148,NFLX,2018-10-16
149,NFLX,2018-07-16
150,NFLX,2018-04-16
151,NFLX,2018-01-22
152,NFLX,2017-10-16
153,NFLX,2017-07-17
154,NFLX,2017-04-17
155,NFLX,2017-01-18
156,NFLX,2016-10-17
157,NFLX,2016-07-18
158,NFLX,2016-04-18
159,NFLX,2016-01-19
160,ANET,2025-11-05
161,ANET,2025-07-28
162,ANET,2025-05-05
163,ANET,2025-02-10
164,ANET,2024-11-07
165,ANET,2024-07-30
166,ANET,2024-05-07
167,ANET,2024-02-12
168,ANET,2023-10-30
169,ANET,2023-07-31
170,ANET,2023-05-01
171,ANET,2023-02-13
172,ANET,2022-10-31
173,ANET,2022-08-01
174,ANET,2022-05-02
175,ANET,2022-02-14
176,ANET,2021-11-01
177,ANET,2021-08-02
178,ANET,2021-05-04
179,ANET,2021-02-18
180,ANET,2020-11-02
181,ANET,2020-08-04
182,ANET,2020-05-05
183,ANET,2020-02-13
184,ANET,2019-10-31
185,ANET,2019-08-01
186,ANET,2019-05-02
187,ANET,2019-02-14
188,ANET,2018-11-01
189,ANET,2018-08-02
190,ANET,2018-05-03
191,ANET,2018-02-15
192,ANET,2017-11-02
193,ANET,2017-08-03
194,ANET,2017-05-04
195,ANET,2017-02-16
196,ANET,2016-11-03
197,ANET,2016-08-04
198,ANET,2016-05-05
199,ANET,2016-02-18
200,AXP,2025-10-16
201,AXP,2025-07-17
202,AXP,2025-04-17
203,AXP,2025-01-24
204,AXP,2024-10-18
205,AXP,2024-07-19
206,AXP,2024-04-19
207,AXP,2024-01-26
208,AXP,2023-10-20
209,AXP,2023-07-21
210,AXP,2023-04-20
211,AXP,2023-01-27
212,AXP,2022-10-21
213,AXP,2022-07-22
214,AXP,2022-04-22
215,AXP,2022-01-25
216,AXP,2021-10-22
217,AXP,2021-07-23
218,AXP,2021-04-23
219,AXP,2021-01-26
220,AXP,2020-10-23
221,AXP,2020-07-24
222,AXP,2020-04-24
223,AXP,2020-01-24
224,AXP,2019-10-18
225,AXP,2019-07-19
226,AXP,2019-04-18
227,AXP,2019-01-17
228,AXP,2018-10-18
229,AXP,2018-07-18
230,AXP,2018-04-18
231,AXP,2018-01-18
232,AXP,2017-10-18
233,AXP,2017-07-19
234,AXP,2017-04-19
235,AXP,2017-01-19
236,AXP,2016-10-19
237,AXP,2016-07-20
238,AXP,2016-04-20
239,AXP,2016-01-21
240,PM,2025-10-20
241,PM,2025-07-21
242,PM,2025-04-21
243,PM,2025-02-06
244,PM,2024-10-22
245,PM,2024-07-23
246,PM,2024-04-23
247,PM,2024-02-08
248,PM,2023-10-19
249,PM,2023-07-20
250,PM,2023-04-20
251,PM,2023-02-09
252,PM,2022-10-20
253,PM,2022-07-21
254,PM,2022-04-21
255,PM,2022-02-10
256,PM,2021-10-19
257,PM,2021-07-20
258,PM,2021-04-20
259,PM,2021-02-04
260,PM,2020-10-20
261,PM,2020-07-21
262,PM,2020-04-21
263,PM,2020-02-06
264,PM,2019-10-17
265,PM,2019-07-18
266,PM,2019-04-18
267,PM,2019-02-07
268,PM,2018-10-18
269,PM,2018-07-19
270,PM,2018-04-19
271,PM,2018-02-08
272,PM,2017-10-19
273,PM,2017-07-20
274,PM,2017-04-20
275,PM,2017-02-02
276,PM,2016-10-18
277,PM,2016-07-19
278,PM,2016-04-19
279,PM,2016-02-04
280,MS,2025-10-15
281,MS,2025-07-16
282,MS,2025-04-11
283,MS,2025-01-16
284,MS,2024-10-16
285,MS,2024-07-16
286,MS,2024-04-16
287,MS,2024-01-16
288,MS,2023-10-18
289,MS,2023-07-18
290,MS,2023-04-19
291,MS,2023-01-17
292,MS,2022-10-14
293,MS,2022-07-14
294,MS,2022-04-14
295,MS,2022-01-19
296,MS,2021-10-14
297,MS,2021-07-15
298,MS,2021-04-16
299,MS,2021-01-20
300,MS,2020-10-15
301,MS,2020-07-16
302,MS,2020-04-16
303,MS,2020-01-16
304,MS,2019-10-17
305,MS,2019-07-18
306,MS,2019-04-17
307,MS,2019-01-17
308,MS,2018-10-16
309,MS,2018-07-18
310,MS,2018-04-18
311,MS,2018-01-18
312,MS,2017-10-17
313,MS,2017-07-19
314,MS,2017-04-19
315,MS,2017-01-17
316,MS,2016-10-19
317,MS,2016-07-20
318,MS,2016-04-18
319,MS,2016-01-19
320,NVDA,2025-08-26
321,NVDA,2025-05-20
322,NVDA,2025-02-19
323,NVDA,2024-11-20
324,NVDA,2024-08-28
325,NVDA,2024-05-22
326,NVDA,2024-02-21
327,NVDA,2023-11-21
328,NVDA,2023-08-23
329,NVDA,2023-05-24
330,NVDA,2023-02-22
331,NVDA,2022-11-16
332,NVDA,2022-08-24
333,NVDA,2022-05-25
334,NVDA,2022-02-16
335,NVDA,2021-11-17
336,NVDA,2021-08-18
337,NVDA,2021-05-26
338,NVDA,2021-02-24
339,NVDA,2020-11-18
340,NVDA,2020-08-19
341,NVDA,2020-05-21
342,NVDA,2020-02-13
343,NVDA,2019-11-14
344,NVDA,2019-08-15
345,NVDA,2019-05-16
346,NVDA,2019-02-14
347,NVDA,2018-11-15
348,NVDA,2018-08-16
349,NVDA,2018-05-10
350,NVDA,2018-02-08
351,NVDA,2017-11-09
352,NVDA,2017-08-10
353,NVDA,2017-05-09
354,NVDA,2017-02-09
355,NVDA,2016-11-10
356,NVDA,2016-08-11
357,NVDA,2016-05-12
358,NVDA,2016-02-17
359,NVDA,2015-11-05
360,ACN,2025-09-24
361,ACN,2025-06-18
362,ACN,2025-03-19
363,ACN,2024-12-19
364,ACN,2024-09-26
365,ACN,2024-06-20
366,ACN,2024-03-21
367,ACN,2023-12-19
368,ACN,2023-09-28
369,ACN,2023-06-22
370,ACN,2023-03-23
371,ACN,2022-12-16
372,ACN,2022-09-22
373,ACN,2022-06-23
374,ACN,2022-03-17
375,ACN,2021-12-16
376,ACN,2021-09-23
377,ACN,2021-06-24
378,ACN,2021-03-18
379,ACN,2020-12-17
380,ACN,2020-09-24
381,ACN,2020-06-25
382,ACN,2020-03-19
383,ACN,2019-12-19
384,ACN,2019-09-26
385,ACN,2019-06-27
386,ACN,2019-03-28
387,ACN,2018-12-20
388,ACN,2018-09-27
389,ACN,2018-06-28
390,ACN,2018-03-22
391,ACN,2017-12-21
392,ACN,2017-09-28
393,ACN,2017-06-22
394,ACN,2017-03-23
395,ACN,2016-12-21
396,ACN,2016-09-29
397,ACN,2016-06-23
398,ACN,2016-03-24
399,ACN,2015-12-17
400,TGT,2025-08-19
401,TGT,2025-05-20
402,TGT,2025-03-03
403,TGT,2024-11-20
404,TGT,2024-08-21
405,TGT,2024-05-22
406,TGT,2024-03-05
407,TGT,2023-11-15
408,TGT,2023-08-16
409,TGT,2023-05-17
410,TGT,2023-02-28
411,TGT,2022-11-16
412,TGT,2022-08-17
413,TGT,2022-05-18
414,TGT,2022-03-01
415,TGT,2021-11-17
416,TGT,2021-08-18
417,TGT,2021-05-19
418,TGT,2021-03-02
419,TGT,2020-11-18
420,TGT,2020-08-19
421,TGT,2020-05-20
422,TGT,2020-03-03
423,TGT,2019-11-20
424,TGT,2019-08-21
425,TGT,2019-05-22
426,TGT,2019-03-05
427,TGT,2018-11-20
428,TGT,2018-08-22
429,TGT,2018-05-23
430,TGT,2018-03-06
431,TGT,2017-11-15
432,TGT,2017-08-16
433,TGT,2017-05-17
434,TGT,2017-02-28
435,TGT,2016-11-16
436,TGT,2016-08-17
437,TGT,2016-05-18
438,TGT,2016-02-24
439,TGT,2015-11-18
440,CSX,2025-10-14
441,CSX,2025-08-04
442,CSX,2025-08-04
443,CSX,2025-04-15
444,CSX,2025-01-22
445,CSX,2024-10-16
446,CSX,2024-08-05
447,CSX,2024-04-17
448,CSX,2024-01-24
449,CSX,2023-10-19
450,CSX,2023-07-20
451,CSX,2023-04-20
452,CSX,2023-01-25
453,CSX,2022-10-20
454,CSX,2022-07-20
455,CSX,2022-04-20
456,CSX,2022-01-20
457,CSX,2021-10-20
458,CSX,2021-07-21
459,CSX,2021-04-20
460,CSX,2021-01-21
461,CSX,2020-10-21
462,CSX,2020-07-22
463,CSX,2020-04-22
464,CSX,2020-01-16
465,CSX,2019-10-16
466,CSX,2019-07-16
467,CSX,2019-04-16
468,CSX,2019-01-16
469,CSX,2018-10-16
470,CSX,2018-07-17
471,CSX,2018-04-17
472,CSX,2018-01-16
473,CSX,2017-10-17
474,CSX,2017-07-18
475,CSX,2017-04-19
476,CSX,2017-01-17
477,CSX,2016-10-12
478,CSX,2016-07-13
479,CSX,2016-04-12
480,AMAT,2025-11-12
481,AMAT,2025-08-13
482,AMAT,2025-05-14
483,AMAT,2025-02-13
484,AMAT,2024-11-14
485,AMAT,2024-08-15
486,AMAT,2024-05-16
487,AMAT,2024-02-15
488,AMAT,2023-11-16
489,AMAT,2023-08-17
490,AMAT,2023-05-18
491,AMAT,2023-02-16
492,AMAT,2022-11-17
493,AMAT,2022-08-18
494,AMAT,2022-05-19
495,AMAT,2022-02-16
496,AMAT,2021-11-18
497,AMAT,2021-08-19
498,AMAT,2021-05-20
499,AMAT,2021-02-18
500,AMAT,2020-11-12
501,AMAT,2020-08-13
502,AMAT,2020-05-14
503,AMAT,2020-02-12
504,AMAT,2019-11-14
505,AMAT,2019-08-15
506,AMAT,2019-05-16
507,AMAT,2019-02-14
508,AMAT,2018-11-15
509,AMAT,2018-08-16
510,AMAT,2018-05-17
511,AMAT,2018-02-14
512,AMAT,2017-11-16
513,AMAT,2017-08-17
514,AMAT,2017-05-18
515,AMAT,2017-02-15
516,AMAT,2016-11-17
517,AMAT,2016-08-18
518,AMAT,2016-05-19
519,AMAT,2016-02-18
520,HON,2025-10-22
521,HON,2025-07-23
522,HON,2025-04-23
523,HON,2025-01-30
524,HON,2024-10-24
525,HON,2024-07-25
526,HON,2024-04-25
527,HON,2024-02-01
528,HON,2023-10-26
529,HON,2023-07-27
530,HON,2023-04-27
531,HON,2023-02-02
532,HON,2022-10-27
533,HON,2022-07-28
534,HON,2022-04-29
535,HON,2022-02-03
536,HON,2021-10-22
537,HON,2021-07-23
538,HON,2021-04-23
539,HON,2021-01-29
540,HON,2020-10-30
541,HON,2020-07-24
542,HON,2020-05-01
543,HON,2020-01-31
544,HON,2019-10-17
545,HON,2019-07-18
546,HON,2019-04-18
547,HON,2019-02-01
548,HON,2018-10-19
549,HON,2018-07-20
550,HON,2018-04-20
551,HON,2018-01-26
552,HON,2017-10-20
553,HON,2017-07-21
554,HON,2017-04-21
555,HON,2017-01-27
556,HON,2016-10-21
557,HON,2016-07-22
558,HON,2016-04-22
559,HON,2016-01-29
560,BLK,2024-10-11
561,BLK,2024-07-15
562,BLK,2024-04-12
563,BLK,2024-01-12
564,BLK,2023-10-13
565,BLK,2023-07-14
566,BLK,2023-04-14
567,BLK,2023-01-13
568,BLK,2022-10-13
569,BLK,2022-07-15
570,BLK,2022-04-13
571,BLK,2022-01-14
572,BLK,2021-10-13
573,BLK,2021-07-14
574,BLK,2021-04-15
575,BLK,2021-01-14
576,BLK,2020-10-13
577,BLK,2020-07-17
578,BLK,2020-04-16
579,BLK,2020-01-15
580,BLK,2019-10-15
581,BLK,2019-07-19
582,BLK,2019-04-16
583,BLK,2019-01-16
584,BLK,2018-10-16
585,BLK,2018-07-16
586,BLK,2018-04-12
587,BLK,2018-01-12
588,BLK,2017-10-11
589,BLK,2017-07-17
590,BLK,2017-04-19
591,BLK,2017-01-13
592,BLK,2016-10-18
593,BLK,2016-07-14
594,BLK,2016-04-14
595,BLK,2016-01-15
596,BLK,2015-10-14
597,BLK,2015-07-15
598,BLK,2015-04-16
599,BLK,2015-01-15
600,UNH,2025-10-13
601,UNH,2025-07-14
602,UNH,2025-04-14
603,UNH,2025-01-10
604,UNH,2024-10-15
605,UNH,2024-07-16
606,UNH,2024-04-16
607,UNH,2024-01-12
608,UNH,2023-10-13
609,UNH,2023-07-14
610,UNH,2023-04-14
611,UNH,2023-01-13
612,UNH,2022-10-14
613,UNH,2022-07-15
614,UNH,2022-04-14
615,UNH,2022-01-19
616,UNH,2021-10-14
617,UNH,2021-07-15
618,UNH,2021-04-15
619,UNH,2021-01-20
620,UNH,2020-10-14
621,UNH,2020-07-15
622,UNH,2020-04-15
623,UNH,2020-01-15
624,UNH,2019-10-15
625,UNH,2019-07-18
626,UNH,2019-04-16
627,UNH,2019-01-15
628,UNH,2018-10-16
629,UNH,2018-07-17
630,UNH,2018-04-17
631,UNH,2018-01-16
632,UNH,2017-10-17
633,UNH,2017-07-18
634,UNH,2017-04-18
635,UNH,2017-01-17
636,UNH,2016-10-18
637,UNH,2016-07-19
638,UNH,2016-04-19
639,UNH,2016-01-19
640,USB,2026-10-15
641,USB,2026-07-16
642,USB,2026-04-16
643,USB,2026-01-20
644,USB,2025-10-16
645,USB,2025-07-17
646,USB,2025-04-16
647,USB,2025-01-16
648,USB,2024-10-16
649,USB,2024-07-17
650,USB,2024-04-17
651,USB,2024-01-17
652,USB,2023-10-18
653,USB,2023-07-19
654,USB,2023-04-19
655,USB,2023-01-25
656,USB,2022-10-14
657,USB,2022-07-15
658,USB,2022-04-14
659,USB,2022-01-19
660,USB,2021-10-14
661,USB,2021-07-15
662,USB,2021-04-15
663,USB,2021-01-20
664,USB,2020-10-14
665,USB,2020-07-15
666,USB,2020-04-15
667,USB,2020-01-15
668,USB,2019-10-16
669,USB,2019-07-17
670,USB,2019-04-17
671,USB,2019-01-16
672,USB,2018-10-17
673,USB,2018-07-18
674,USB,2018-04-18
675,USB,2018-01-17
676,USB,2017-10-18
677,USB,2017-07-19
678,USB,2017-04-19
679,USB,2017-01-18
680,C,2026-01-13
681,C,2025-10-14
682,C,2025-07-15
683,C,2025-04-15
684,C,2025-01-15
685,C,2024-10-15
686,C,2024-07-12
687,C,2024-04-12
688,C,2024-01-12
689,C,2023-10-13
690,C,2023-07-14
691,C,2023-04-14
692,C,2023-01-13
693,C,2022-10-14
694,C,2022-07-15
695,C,2022-04-14
696,C,2022-01-14
697,C,2021-10-14
698,C,2021-07-14
699,C,2021-04-15
700,C,2021-01-15
701,C,2020-10-13
702,C,2020-07-14
703,C,2020-04-15
704,C,2020-01-14
705,C,2019-10-15
706,C,2019-07-15
707,C,2019-04-15
708,C,2019-01-14
709,C,2018-10-12
710,C,2018-07-13
711,C,2018-04-13
712,C,2018-01-16
713,C,2017-10-12
714,C,2017-07-14
715,C,2017-04-13
716,C,2017-01-18
717,C,2016-10-14
718,C,2016-07-15
719,C,2016-04-15
720,LOW,2025-08-18
721,LOW,2025-05-19
722,LOW,2025-02-26
723,LOW,2024-11-19
724,LOW,2024-08-20
725,LOW,2024-05-21
726,LOW,2024-02-27
727,LOW,2023-11-21
728,LOW,2023-08-22
729,LOW,2023-05-23
730,LOW,2023-03-01
731,LOW,2022-11-16
732,LOW,2022-08-17
733,LOW,2022-05-18
734,LOW,2022-02-23
735,LOW,2021-11-17
736,LOW,2021-08-18
737,LOW,2021-05-19
738,LOW,2021-02-24
739,LOW,2020-11-18
740,LOW,2020-08-19
741,LOW,2020-05-20
742,LOW,2020-02-26
743,LOW,2019-11-20
744,LOW,2019-08-21
745,LOW,2019-05-22
746,LOW,2019-02-27
747,LOW,2018-11-20
748,LOW,2018-08-22
749,LOW,2018-05-23
750,LOW,2018-02-28
751,LOW,2017-11-21
752,LOW,2017-08-23
753,LOW,2017-05-24
754,LOW,2017-03-01
755,LOW,2016-11-16
756,LOW,2016-08-17
757,LOW,2016-05-18
758,LOW,2016-02-24
759,LOW,2015-11-18
760,TJX,2025-08-19
761,TJX,2025-05-20
762,TJX,2025-02-26
763,TJX,2024-11-20
764,TJX,2024-08-21
765,TJX,2024-05-22
766,TJX,2024-02-28
767,TJX,2023-11-15
768,TJX,2023-08-16
769,TJX,2023-05-17
770,TJX,2023-02-22
771,TJX,2022-11-16
772,TJX,2022-08-17
773,TJX,2022-05-18
774,TJX,2022-02-23
775,TJX,2021-11-17
776,TJX,2021-08-18
777,TJX,2021-05-19
778,TJX,2021-02-24
779,TJX,2020-11-18
780,TJX,2020-08-19
781,TJX,2020-05-21
782,TJX,2020-02-26
783,TJX,2019-11-19
784,TJX,2019-08-20
785,TJX,2019-05-21
786,TJX,2019-02-27
787,TJX,2018-11-20
788,TJX,2018-08-21
789,TJX,2018-05-22
790,TJX,2018-02-28
791,TJX,2017-11-14
792,TJX,2017-08-15
793,TJX,2017-05-16
794,TJX,2017-02-22
795,TJX,2016-11-15
796,TJX,2016-08-16
797,TJX,2016-05-17
798,TJX,2016-02-24
799,TJX,2015-11-17
800,NKE,2025-09-29
801,NKE,2025-06-25
802,NKE,2025-03-19
803,NKE,2024-12-19
804,NKE,2024-10-01
805,NKE,2024-06-27
806,NKE,2024-03-21
807,NKE,2023-12-21
808,NKE,2023-09-28
809,NKE,2023-06-29
810,NKE,2023-03-21
811,NKE,2022-12-20
812,NKE,2022-09-29
813,NKE,2022-06-27
814,NKE,2022-03-21
815,NKE,2021-12-20
816,NKE,2021-09-23
817,NKE,2021-06-24
818,NKE,2021-03-18
819,NKE,2020-12-18
820,NKE,2020-09-22
821,NKE,2020-06-25
822,NKE,2020-03-24
823,NKE,2019-12-19
824,NKE,2019-09-24
825,NKE,2019-06-27
826,NKE,2019-03-21
827,NKE,2018-12-20
828,NKE,2018-09-25
829,NKE,2018-06-28
830,NKE,2018-03-22
831,NKE,2017-12-21
832,NKE,2017-09-26
833,NKE,2017-06-29
834,NKE,2017-03-21
835,NKE,2016-12-20
836,NKE,2016-09-27
837,NKE,2016-06-28
838,NKE,2016-03-22
839,NKE,2015-12-22
840,ADBE,2025-09-10
841,ADBE,2025-06-11
842,ADBE,2025-03-12
843,ADBE,2024-12-11
844,ADBE,2024-09-12
845,ADBE,2024-06-13
846,ADBE,2024-03-14
847,ADBE,2023-12-13
848,ADBE,2023-09-14
849,ADBE,2023-06-15
850,ADBE,2023-03-15
851,ADBE,2022-12-15
852,ADBE,2022-09-15
853,ADBE,2022-06-16
854,ADBE,2022-03-22
855,ADBE,2021-12-16
856,ADBE,2021-09-21
857,ADBE,2021-06-17
858,ADBE,2021-03-23
859,ADBE,2020-12-10
860,ADBE,2020-09-15
861,ADBE,2020-06-11
862,ADBE,2020-03-12
863,ADBE,2019-12-12
864,ADBE,2019-09-17
865,ADBE,2019-06-18
866,ADBE,2019-03-14
867,ADBE,2018-12-13
868,ADBE,2018-09-13
869,ADBE,2018-06-14
870,ADBE,2018-03-15
871,ADBE,2017-12-14
872,ADBE,2017-09-19
873,ADBE,2017-06-20
874,ADBE,2017-03-16
875,ADBE,2016-12-15
876,ADBE,2016-09-20
877,ADBE,2016-06-21
878,ADBE,2016-03-17
879,ADBE,2015-12-10
